,list,regex
0,1.9781579971313477,1.6544780731201172
0,18.50795292854309,14.606071472167969
0,50.46304106712341,42.07963800430298
0,107.0490050315857,84.52119541168213
0,177.84544610977173,142.96615266799927
